Dataset,Score
Training,0.802492082118988
Validation,0.8174083232879639
Test,0.7954966425895691
